{"cameraMode":{"drawMode":0,"name":"Shaded","section":"Shading Mode"},"sceneLighting":true,"audioPlay":false,"sceneViewState":{"showFog":false,"showMaterialUpdate":false,"showSkybox":false,"showFlares":false,"showImageEffects":false,"showParticleSystems":false},"in2DMode":false,"pivot":{"x":2.3417792320251467,"y":0.5077049136161804,"z":2.3845136165618898},"rotation":{"x":-0.01747709885239601,"y":-0.9293454885482788,"z":0.04436338320374489,"w":-0.366119384765625},"size":4.345395565032959,"orthographic":false}